{
  "project_info": {
    "project_number": "307832653522",
    "project_id": "showtime-4a0fb",
    "storage_bucket": "showtime-4a0fb.appspot.com"
  },
  "client": [
    {
      "client_info": {
        "mobilesdk_app_id": "1:307832653522:android:15337996a4f227d5f78f0b",
        "android_client_info": {
          "package_name": "net.smallacademy.authenticatorapp"
        }
      },
      "oauth_client": [
        {
          "client_id": "307832653522-hia5iqh7pdgedi4s3ik3bl8inps11l6k.apps.googleusercontent.com",
          "client_type": 3
        }
      ],
      "api_key": [
        {
          "current_key": "AIzaSyB7AUkXsKeTCHVT35lgLyN4FWDgyK3_lDo"
        }
      ],
      "services": {
        "appinvite_service": {
          "other_platform_oauth_client": [
            {
              "client_id": "307832653522-hia5iqh7pdgedi4s3ik3bl8inps11l6k.apps.googleusercontent.com",
              "client_type": 3
            }
          ]
        }
      }
    }
  ],
  "configuration_version": "1"
}